structure_instance_id,pdb_id,entity_id,label_asym_id,auth_asym_id,label_seq_id,auth_seq_id,insertion_code,residue_name,observed_aa,target_position,target_aa,dms_position,mapping_identity_ok,has_n,has_ca,has_c,has_o,ca_x,ca_y,ca_z,mean_occupancy,selected_altlocs,dfi_context_mask,analysis_mask,mapping_status,coordinate_quality,gap_adjacent,contact_number,dfi_serial,dfi,relative_dfi,pct_dfi,z_dfi
1BTL_A,1BTL,1,A,A,1,26,,HIS,H,1,H,1,True,True,True,True,True,2.907,1.93,8.674,1.0,.,True,True,matched,1.0,0,7.0,1,0.005602509386737378,1.4734599687119303,0.8859315589353612,1.1977085993870085
1BTL_A,1BTL,1,A,A,2,27,,PRO,P,2,P,2,True,True,True,True,True,6.549,1.949,7.305,1.0,.,True,True,matched,1.0,0,6.0,2,0.005929004852484966,1.559328276203546,0.9163498098859315,1.414929097621128
1BTL_A,1BTL,1,A,A,3,28,,GLU,E,3,E,3,True,True,True,True,True,6.596,5.829,7.336,1.0,.,True,True,matched,1.0,0,8.0,3,0.00555242752527439,1.4602884391471647,0.8783269961977186,1.1643886668281516
1BTL_A,1BTL,1,A,A,4,29,,THR,T,4,T,4,True,True,True,True,True,6.549,5.741,11.172,1.0,.,True,True,matched,1.0,0,11.0,4,0.004431087205739145,1.165375935109395,0.7300380228136882,0.4183504260160682
1BTL_A,1BTL,1,A,A,5,30,,LEU,L,5,L,5,True,True,True,True,True,9.708,3.596,10.996,1.0,.,True,True,matched,1.0,0,10.0,5,0.004667092924168977,1.2274454390564409,0.7642585551330798,0.5753672459159878
1BTL_A,1BTL,1,A,A,6,31,,VAL,V,6,V,6,True,True,True,True,True,11.391,6.354,8.828,1.0,.,True,True,matched,1.0,0,8.0,6,0.005206663188564739,1.3693524185925263,0.8174904942965779,0.9343484078625794
1BTL_A,1BTL,1,A,A,7,32,,LYS,K,7,K,7,True,True,True,True,True,10.769,8.725,11.809,1.0,.,True,True,matched,1.0,0,11.0,7,0.00434058108345419,1.141572824948452,0.7262357414448669,0.35813585326247654
1BTL_A,1BTL,1,A,A,8,33,,VAL,V,8,V,8,True,True,True,True,True,12.104,6.233,14.44,1.0,.,True,True,matched,1.0,0,12.0,8,0.0038021107515959283,0.9999551276697292,0.6121673003802282,-0.00011351324164984206
1BTL_A,1BTL,1,A,A,9,34,,LYS,K,9,K,9,True,True,True,True,True,15.386,5.853,12.498,1.0,.,True,True,matched,1.0,0,8.0,9,0.004771083174803961,1.2547948749734417,0.7756653992395437,0.6445529358388165
1BTL_A,1BTL,1,A,A,10,35,,ASP,D,10,D,10,True,True,True,True,True,15.652,9.658,12.195,1.0,.,True,True,matched,1.0,0,8.0,10,0.004973679102362988,1.3080776039214659,0.7908745247148289,0.7793419082486129
1BTL_A,1BTL,1,A,A,11,36,,ALA,A,11,A,11,True,True,True,True,True,15.202,10.003,16.048,1.0,.,True,True,matched,1.0,0,10.0,11,0.004140752235643319,1.089017837974193,0.6844106463878327,0.22518784498420838
1BTL_A,1BTL,1,A,A,12,37,,GLU,E,12,E,12,True,True,True,True,True,18.212,7.571,16.501,1.0,.,True,True,matched,1.0,0,11.0,12,0.004292916936566056,1.129037154316873,0.714828897338403,0.32642444890579553
1BTL_A,1BTL,1,A,A,13,38,,ASP,D,13,D,13,True,True,True,True,True,20.255,9.817,14.147,1.0,.,True,True,matched,1.0,0,8.0,13,0.005491647737961845,1.4443033550839652,0.8745247148288974,1.1239513037782103
1BTL_A,1BTL,1,A,A,14,39,,GLN,Q,14,Q,14,True,True,True,True,True,19.237,12.996,15.999,1.0,.,True,True,matched,1.0,0,6.0,14,0.005427437258303249,1.4274159989337545,0.8593155893536122,1.081231468905909
1BTL_A,1BTL,1,A,A,15,40,,LEU,L,15,L,15,True,True,True,True,True,19.77,11.611,19.526,1.0,.,True,True,matched,1.0,0,11.0,15,0.004691500822848922,1.2338647164092666,0.7680608365019012,0.5916060500291342
1BTL_A,1BTL,1,A,A,16,41,,GLY,G,16,G,16,True,True,True,True,True,22.929,9.565,18.755,1.0,.,True,True,matched,1.0,0,9.0,16,0.005116335588124715,1.3455962596768,0.8060836501901141,0.8742526073682373
1BTL_A,1BTL,1,A,A,17,42,,ALA,A,17,A,17,True,True,True,True,True,21.464,6.568,20.675,1.0,.,True,True,matched,1.0,0,10.0,17,0.0040379344422851035,1.0619767583209823,0.6730038022813688,0.15678220189368308
1BTL_A,1BTL,1,A,A,18,43,,ARG,R,18,R,18,True,True,True,True,True,19.201,3.414,20.442,1.0,.,True,True,matched,1.0,0,8.0,18,0.0034919373313360164,0.9183795181413723,0.5437262357414449,-0.20647480139481195
1BTL_A,1BTL,1,A,A,19,44,,VAL,V,19,V,19,True,True,True,True,True,15.323,3.705,20.356,1.0,.,True,True,matched,1.0,0,13.0,19,0.002552805112894784,0.6713877446913281,0.20532319391634982,-0.8312882821285031
1BTL_A,1BTL,1,A,A,20,45,,GLY,G,20,G,20,True,True,True,True,True,13.057,0.635,20.898,1.0,.,True,True,matched,1.0,0,14.0,20,0.0023570655551023462,0.6199082409919171,0.10266159695817491,-0.9615156473705994
1BTL_A,1BTL,1,A,A,21,46,,TYR,Y,21,Y,21,True,True,True,True,True,9.408,0.786,19.549,1.0,.,True,True,matched,1.0,0,14.0,21,0.0022123698720917335,0.581853276360126,0.049429657794676805,-1.0577830435622222
1BTL_A,1BTL,1,A,A,22,47,,ILE,I,22,I,22,True,True,True,True,True,6.28,-1.423,19.204,1.0,.,True,True,matched,1.0,0,16.0,22,0.0023658464638812203,0.622217620000761,0.11787072243346007,-0.9556736263320286
1BTL_A,1BTL,1,A,A,23,48,,GLU,E,23,E,23,True,True,True,True,True,2.614,-0.909,18.168,1.0,.,True,True,matched,1.0,0,12.0,23,0.002483695559114724,0.6532119320471724,0.17490494296577946,-0.877267517002313
1BTL_A,1BTL,1,A,A,24,49,,LEU,L,24,L,24,True,True,True,True,True,0.206,-3.744,19.289,1.0,.,True,True,matched,1.0,0,13.0,24,0.0029411740000290544,0.7735287620076413,0.34980988593155893,-0.5729028158287776
1BTL_A,1BTL,1,A,A,25,50,,ASP,D,25,D,25,True,True,True,True,True,-3.527,-4.427,18.465,1.0,.,True,True,matched,1.0,0,12.0,25,0.003442178528924969,0.9052929531072669,0.532319391634981,-0.23957979973379925
1BTL_A,1BTL,1,A,A,26,51,,LEU,L,26,L,26,True,True,True,True,True,-5.425,-4.518,21.866,1.0,.,True,True,matched,1.0,0,11.0,26,0.0036165477972768044,0.9511520706837996,0.5703422053231939,-0.12357028866332494
1BTL_A,1BTL,1,A,A,27,52,,ASN,N,27,N,27,True,True,True,True,True,-8.198,-6.954,20.86,1.0,.,True,True,matched,1.0,0,5.0,27,0.004565661741527046,1.2007690380216132,0.7490494296577946,0.5078841279513734
1BTL_A,1BTL,1,A,A,28,53,,SER,S,28,S,28,True,True,True,True,True,-6.171,-9.626,19.067,1.0,.,True,True,matched,1.0,0,5.0,28,0.00486269552676161,1.2788889235383034,0.7870722433460076,0.7055034935780308
1BTL_A,1BTL,1,A,A,29,54,,GLY,G,29,G,29,True,True,True,True,True,-2.586,-9.13,20.374,1.0,.,True,True,matched,1.0,0,9.0,29,0.004241284088433148,1.115457715257918,0.7072243346007605,0.2920726303560462
1BTL_A,1BTL,1,A,A,30,55,,LYS,K,30,K,30,True,True,True,True,True,-1.177,-8.836,16.79,1.0,.,True,True,matched,1.0,0,7.0,30,0.004336551329856194,1.140512999752179,0.7224334600760456,0.3554548203657004
1BTL_A,1BTL,1,A,A,31,56,,ILE,I,31,I,31,True,True,True,True,True,2.16,-6.898,16.307,1.0,.,True,True,matched,1.0,0,9.0,31,0.003998562168255726,1.051621850251256,0.6692015209125475,0.13058745838724947
1BTL_A,1BTL,1,A,A,32,57,,LEU,L,32,L,32,True,True,True,True,True,1.462,-4.128,13.832,1.0,.,True,True,matched,1.0,0,8.0,32,0.0037687913988883204,0.9911921379076283,0.6007604562737643,-0.022281191372838093
1BTL_A,1BTL,1,A,A,33,58,,GLU,E,33,E,33,True,True,True,True,True,4.941,-2.468,13.635,1.0,.,True,True,matched,1.0,0,9.0,33,0.003613381171404935,0.950319248079498,0.5665399239543726,-0.1256770745815719
1BTL_A,1BTL,1,A,A,34,59,,SER,S,34,S,34,True,True,True,True,True,8.318,-2.804,15.549,1.0,.,True,True,matched,1.0,0,11.0,34,0.00326591757790334,0.8589363229885784,0.49049429657794674,-0.35684786504205634
1BTL_A,1BTL,1,A,A,35,60,,PHE,F,35,F,35,True,True,True,True,True,11.987,-1.589,15.799,1.0,.,True,True,matched,1.0,0,10.0,35,0.003100234817908871,0.8153617571100331,0.4296577946768061,-0.4670781605605427
1BTL_A,1BTL,1,A,A,36,61,,ARG,R,36,R,36,True,True,True,True,True,14.52,-3.385,18.16,1.0,.,True,True,matched,1.0,0,9.0,36,0.0029409153804335836,0.7734607450540325,0.34600760456273766,-0.5730748778733534
1BTL_A,1BTL,1,A,A,37,62,,PRO,P,37,P,37,True,True,True,True,True,11.581,-5.304,19.824,1.0,.,True,True,matched,1.0,0,11.0,37,0.002779440396111287,0.7309928241772685,0.2737642585551331,-0.6805057007379889
1BTL_A,1BTL,1,A,A,38,63,,GLU,E,38,E,38,True,True,True,True,True,13.734,-7.836,21.696,1.0,.,True,True,matched,1.0,0,7.0,38,0.0029777615670886805,0.783151292144323,0.3688212927756654,-0.5485607640098698
1BTL_A,1BTL,1,A,A,39,64,,GLU,E,39,E,39,True,True,True,True,True,16.611,-5.648,22.993,1.0,.,True,True,matched,1.0,0,8.0,39,0.002776438849266575,0.7302034173571093,0.26996197718631176,-0.6825026580298413
1BTL_A,1BTL,1,A,A,40,65,,ARG,R,40,R,40,True,True,True,True,True,16.68,-4.681,26.738,1.0,.,True,True,matched,1.0,0,9.0,40,0.002505007967092205,0.6588170953452499,0.17870722433460076,-0.8630881719114494
1BTL_A,1BTL,1,A,A,41,66,,PHE,F,41,F,41,True,True,True,True,True,16.106,-1.122,28.026,1.0,.,True,True,matched,1.0,0,11.0,41,0.0022306720454894425,0.5866667479637234,0.057034220532319393,-1.0456064357948998
1BTL_A,1BTL,1,A,A,42,67,,PRO,P,42,P,42,True,True,True,True,True,15.742,0.269,31.657,1.0,.,True,True,matched,1.0,0,11.0,42,0.0024050157586318196,0.6325191445201686,0.13688212927756654,-0.9296139268451694
1BTL_A,1BTL,1,A,A,43,68,,MET,M,43,M,43,True,True,True,True,True,12.12,0.502,32.803,1.0,.,True,True,matched,1.0,0,11.0,43,0.0023312589696684923,0.6131211090228135,0.08745247148288973,-0.9786850109108479
1BTL_A,1BTL,1,A,A,44,69,,MET,M,44,M,44,True,True,True,True,True,12.511,3.576,35.12,1.0,.,True,True,matched,1.0,0,12.0,44,0.0024605712166187554,0.6471302299707327,0.17110266159695817,-0.8926523591372846
1BTL_A,1BTL,1,A,A,45,70,,SER,S,45,S,45,True,True,True,True,True,9.068,4.77,36.503,1.0,.,True,True,matched,1.0,0,10.0,45,0.00244636151027964,0.6433930772035453,0.1596958174904943,-0.9021062101537929
1BTL_A,1BTL,1,A,A,46,71,,THR,T,46,T,46,True,True,True,True,True,7.114,2.706,33.931,1.0,.,True,True,matched,1.0,0,13.0,46,0.00223349998825181,0.5874104969102261,0.060836501901140684,-1.0437249789286842
1BTL_A,1BTL,1,A,A,47,72,,PHE,F,47,F,47,True,True,True,True,True,7.378,-0.227,36.49,1.0,.,True,True,matched,1.0,0,8.0,47,0.00231302680657623,0.6083260501295485,0.08365019011406843,-0.9908150401647571
1BTL_A,1BTL,1,A,A,48,73,,LYS,K,48,K,48,True,True,True,True,True,4.863,1.62,38.784,1.0,.,True,True,matched,1.0,0,10.0,48,0.0022010478746510324,0.5788755910332215,0.045627376425855515,-1.0653156747411674
1BTL_A,1BTL,1,A,A,49,74,,VAL,V,49,V,49,True,True,True,True,True,1.895,0.407,36.65,1.0,.,True,True,matched,1.0,0,10.0,49,0.0022974306104228672,0.6042242505412141,0.07984790874524715,-1.0011913358699158
1BTL_A,1BTL,1,A,A,50,75,,LEU,L,50,L,50,True,True,True,True,True,3.051,-3.226,37.177,1.0,.,True,True,matched,1.0,0,8.0,50,0.002338814081118368,0.6151081033341308,0.09125475285171103,-0.973658524342042
1BTL_A,1BTL,1,A,A,51,76,,LEU,L,51,L,51,True,True,True,True,True,3.438,-2.63,40.961,1.0,.,True,True,matched,1.0,0,12.0,51,0.002113653324344833,0.5558908243026911,0.030418250950570342,-1.1234600894484017
1BTL_A,1BTL,1,A,A,52,77,,CYS,C,52,C,52,True,True,True,True,True,-0.139,-1.365,41.374,1.0,.,True,True,matched,1.0,0,10.0,52,0.002152966538454256,0.5662301996134693,0.03802281368821293,-1.09730463906112
1BTL_A,1BTL,1,A,A,53,78,,GLY,G,53,G,53,True,True,True,True,True,-1.325,-4.351,39.154,1.0,.,True,True,matched,1.0,0,10.0,53,0.0025590707483246085,0.673035606809372,0.20912547528517111,-0.8271196960603827
1BTL_A,1BTL,1,A,A,54,79,,ALA,A,54,A,54,True,True,True,True,True,0.136,-6.717,41.842,1.0,.,True,True,matched,1.0,0,10.0,54,0.0028260387512781364,0.7432481915861499,0.29277566539923955,-0.649503377618259
1BTL_A,1BTL,1,A,A,55,80,,VAL,V,55,V,55,True,True,True,True,True,-1.396,-4.68,44.716,1.0,.,True,True,matched,1.0,0,11.0,55,0.002750179725750505,0.7232972678723828,0.2623574144486692,-0.6999730994042456
1BTL_A,1BTL,1,A,A,56,81,,LEU,L,56,L,56,True,True,True,True,True,-4.903,-4.923,43.09,1.0,.,True,True,matched,1.0,0,10.0,56,0.003254239473862181,0.8558649816257536,0.4866920152091255,-0.3646174172851233
1BTL_A,1BTL,1,A,A,57,82,,SER,S,57,S,57,True,True,True,True,True,-4.56,-8.723,42.713,0.9216666666666667,".,B",True,True,matched,0.9216666666666667,0,10.0,57,0.003992838053234784,1.0501164080007481,0.6615969581749049,0.12677915093050926
1BTL_A,1BTL,1,A,A,58,83,,ARG,R,58,R,58,True,True,True,True,True,-3.911,-8.997,46.493,1.0,.,True,True,matched,1.0,0,10.0,58,0.004594213131206188,1.2082780535072275,0.752851711026616,0.5268796355219882
1BTL_A,1BTL,1,A,A,59,84,,ILE,I,59,I,59,True,True,True,True,True,-7.029,-6.816,47.063,1.0,.,True,True,matched,1.0,0,11.0,59,0.004799562113975424,1.2622848359755365,0.7832699619771863,0.6635002414065663
1BTL_A,1BTL,1,A,A,60,85,,ASP,D,60,D,60,True,True,True,True,True,-9.137,-9.153,44.871,1.0,.,True,True,matched,1.0,0,10.0,60,0.005408769573055008,1.422506397713467,0.8517110266159695,1.0688116826733016
1BTL_A,1BTL,1,A,A,61,86,,ALA,A,61,A,61,True,True,True,True,True,-7.903,-12.191,46.904,1.0,.,True,True,matched,1.0,0,7.0,61,0.0063851770632732206,1.679301567640857,0.935361216730038,1.7184247516299656
1BTL_A,1BTL,1,A,A,62,87,,GLY,G,62,G,62,True,True,True,True,True,-8.943,-10.61,50.236,1.0,.,True,True,matched,1.0,0,7.0,62,0.00689247085150671,1.8127198339462647,0.9581749049429658,2.0559320710006523
1BTL_A,1BTL,1,A,A,63,88,,GLN,Q,63,Q,63,True,True,True,True,True,-5.279,-10.154,51.336,1.0,.,True,True,matched,1.0,0,7.0,63,0.006402073380701943,1.6837452991246111,0.9429657794676806,1.7296660302240958
1BTL_A,1BTL,1,A,A,64,89,,GLU,E,64,E,64,True,True,True,True,True,-5.157,-6.285,51.269,1.0,.,True,True,matched,1.0,0,9.0,64,0.005449846352276608,1.4333095906487479,0.870722433460076,1.0961404494846205
1BTL_A,1BTL,1,A,A,65,90,,GLN,Q,65,Q,65,True,True,True,True,True,-7.714,-3.337,51.372,1.0,.,True,True,matched,1.0,0,8.0,65,0.005875747415737024,1.5453215703388374,0.9125475285171103,1.3794964250154886
1BTL_A,1BTL,1,A,A,66,91,,LEU,L,66,L,66,True,True,True,True,True,-7.854,-0.043,49.401,1.0,.,True,True,matched,1.0,0,8.0,66,0.00532009093469213,1.39918391582403,0.8365019011406845,1.009812952127991
1BTL_A,1BTL,1,A,A,67,92,,GLY,G,67,G,67,True,True,True,True,True,-8.795,1.861,52.557,1.0,.,True,True,matched,1.0,0,7.0,67,0.006318264696185438,1.6617036150967701,0.9315589353612167,1.6739073256879184
1BTL_A,1BTL,1,A,A,68,93,,ARG,R,68,R,68,True,True,True,True,True,-5.883,0.623,54.818,1.0,.,True,True,matched,1.0,0,8.0,68,0.006162375887587201,1.620704858435434,0.9201520912547528,1.5701930379709461
1BTL_A,1BTL,1,A,A,69,94,,ARG,R,69,R,69,True,True,True,True,True,-3.735,3.491,56.167,1.0,.,True,True,matched,1.0,0,8.0,69,0.005796455105100597,1.524467692641457,0.9049429657794676,1.3267425064177494
1BTL_A,1BTL,1,A,A,70,95,,ILE,I,70,I,70,True,True,True,True,True,0.087,3.414,56.042,1.0,.,True,True,matched,1.0,0,8.0,70,0.005743047751221135,1.5104215585711585,0.8935361216730038,1.2912100925372103
1BTL_A,1BTL,1,A,A,71,96,,HIS,H,71,H,71,True,True,True,True,True,2.176,5.546,58.452,1.0,.,True,True,matched,1.0,0,8.0,71,0.007230578857971049,1.901642239646386,0.9619771863117871,2.280878501582655
1BTL_A,1BTL,1,A,A,72,97,,TYR,Y,72,Y,72,True,True,True,True,True,5.79,6.533,57.613,1.0,.,True,True,matched,1.0,0,7.0,72,0.007328802272323704,1.9274749976211343,0.9657794676806084,2.3462274611925102
1BTL_A,1BTL,1,A,A,73,98,,SER,S,73,S,73,True,True,True,True,True,8.326,9.181,58.811,1.0,.,True,True,matched,1.0,0,7.0,73,0.008659960189377048,2.2775695298061636,0.9847908745247148,3.231859319229289
1BTL_A,1BTL,1,A,A,74,99,,GLN,Q,74,Q,74,True,True,True,True,True,10.916,11.717,57.474,1.0,.,True,True,matched,1.0,0,6.0,74,0.00880724331070255,2.316304990714771,0.9885931558935361,3.3298481624205607
1BTL_A,1BTL,1,A,A,75,100,,ASN,N,75,N,75,True,True,True,True,True,13.534,8.942,57.428,1.0,.,True,True,matched,1.0,0,4.0,75,0.009127944023041838,2.4006492780600035,0.9961977186311787,3.543213356815735
1BTL_A,1BTL,1,A,A,76,101,,ASP,D,76,D,76,True,True,True,True,True,11.642,7.237,54.533,1.0,.,True,True,matched,1.0,0,7.0,76,0.006872488330706529,1.8074644309758172,0.9543726235741445,2.042637512332739
1BTL_A,1BTL,1,A,A,77,102,,LEU,L,77,L,77,True,True,True,True,True,11.603,10.215,52.171,1.0,.,True,True,matched,1.0,0,10.0,77,0.005771262949056039,1.5178421556017383,0.9011406844106464,1.3099819285179592
1BTL_A,1BTL,1,A,A,78,103,,VAL,V,78,V,78,True,True,True,True,True,13.81,9.994,49.044,1.0,.,True,True,matched,1.0,0,9.0,78,0.0052541784457602134,1.3818489312349362,0.8288973384030418,0.9659607545090797
1BTL_A,1BTL,1,A,A,79,104,,GLU,E,79,E,79,True,True,True,True,True,14.298,12.439,46.079,1.0,.,True,True,matched,1.0,0,7.0,79,0.005641820586097887,1.4837988141437441,0.8897338403041825,1.223862709342925
1BTL_A,1BTL,1,A,A,80,105,,TYR,Y,80,Y,80,True,True,True,True,True,11.172,13.521,44.11,1.0,.,True,True,matched,1.0,0,7.0,80,0.005415685828396655,1.4243253728683203,0.8555133079847909,1.0734131322762448
1BTL_A,1BTL,1,A,A,81,106,,SER,S,81,S,81,True,True,True,True,True,8.36,12.876,46.49,1.0,.,True,True,matched,1.0,0,12.0,81,0.004504864373348703,1.184779330190709,0.7376425855513308,0.4674350681863825
1BTL_A,1BTL,1,A,A,82,107,,PRO,P,82,P,82,True,True,True,True,True,5.828,15.769,45.78,1.0,.,True,True,matched,1.0,0,8.0,82,0.005335886933269484,1.4033382634498743,0.844106463878327,1.020322178261413
1BTL_A,1BTL,1,A,A,83,108,,VAL,V,83,V,83,True,True,True,True,True,2.746,14.119,47.36,1.0,.,True,True,matched,1.0,0,9.0,83,0.004976727164855901,1.308879244357102,0.7946768060836502,0.7813698128378643
1BTL_A,1BTL,1,A,A,84,109,,THR,T,84,T,84,True,True,True,True,True,4.157,11.969,50.251,1.0,.,True,True,matched,1.0,0,13.0,84,0.004653598968434841,1.2238965286983632,0.7604562737642585,0.5663895904958534
1BTL_A,1BTL,1,A,A,85,110,,GLU,E,85,E,85,True,True,True,True,True,6.205,14.778,51.735,1.0,.,True,True,matched,1.0,0,8.0,85,0.006267117874624641,1.6482520010262807,0.9277566539923955,1.6398788651790148
1BTL_A,1BTL,1,A,A,86,111,,LYS,K,86,K,86,True,True,True,True,True,2.982,16.784,52.358,1.0,.,True,True,matched,1.0,0,6.0,86,0.00735868358368243,1.935333782508479,0.9695817490494296,2.3661077781407687
1BTL_A,1BTL,1,A,A,87,112,,HIS,H,87,H,87,True,True,True,True,True,1.335,14.065,54.51,1.0,.,True,True,matched,1.0,0,9.0,87,0.007375075841445501,1.9396449463001668,0.973384030418251,2.3770137011076415
1BTL_A,1BTL,1,A,A,88,113,,LEU,L,88,L,88,True,True,True,True,True,3.885,13.006,57.148,1.0,.,True,True,matched,1.0,0,11.0,88,0.008056220653922173,2.1187860319815313,0.9809885931558935,2.8301857388784644
1BTL_A,1BTL,1,A,A,89,114,,THR,T,89,T,89,True,True,True,True,True,1.497,13.732,60.081,1.0,.,True,True,matched,1.0,0,4.0,89,0.009860790657132638,2.593387942825884,1.0,4.030783101840829
1BTL_A,1BTL,1,A,A,90,115,,ASP,D,90,D,90,True,True,True,True,True,-1.482,11.549,59.225,1.0,.,True,True,matched,1.0,0,6.0,90,0.009046015845680998,2.3791021674141026,0.9923954372623575,3.488705771342884
1BTL_A,1BTL,1,A,A,91,116,,GLY,G,91,G,91,True,True,True,True,True,-0.236,9.036,56.605,1.0,.,True,True,matched,1.0,0,10.0,91,0.006699303728936007,1.76191688071017,0.9505703422053232,1.9274161710594928
1BTL_A,1BTL,1,A,A,92,117,,MET,M,92,M,92,True,True,True,True,True,-1.966,7.948,53.344,1.0,.,True,True,matched,1.0,0,11.0,92,0.005151274346293363,1.3547851530751545,0.8098859315589354,0.8974976911543086
1BTL_A,1BTL,1,A,A,93,118,,THR,T,93,T,93,True,True,True,True,True,-4.217,4.988,52.315,1.0,.,True,True,matched,1.0,0,11.0,93,0.00469420335947807,1.2345754835427323,0.7718631178707225,0.5934040730177084
1BTL_A,1BTL,1,A,A,94,119,,VAL,V,94,V,94,True,True,True,True,True,-3.182,2.218,49.769,1.0,.,True,True,matched,1.0,0,13.0,94,0.0035631751179354843,0.9371150560170324,0.5551330798479087,-0.15907963324814195
1BTL_A,1BTL,1,A,A,95,120,,ARG,R,95,R,95,True,True,True,True,True,-5.542,3.894,47.222,1.0,.,True,True,matched,1.0,0,8.0,95,0.003932585431603462,1.0342699685117105,0.6425855513307985,0.08669251615688577
1BTL_A,1BTL,1,A,A,96,121,,GLU,E,96,E,96,True,True,True,True,True,-3.864,7.287,47.765,1.0,.,True,True,matched,1.0,0,8.0,96,0.0036582495860102327,0.9621196411206911,0.5779467680608364,-0.09582569715670863
1BTL_A,1BTL,1,A,A,97,122,,LEU,L,97,L,97,True,True,True,True,True,-0.34,5.818,47.415,1.0,.,True,True,matched,1.0,0,12.0,97,0.0024147627357877684,0.635082599512183,0.14068441064638784,-0.9231291714466715
1BTL_A,1BTL,1,A,A,98,123,,CYS,C,98,C,98,True,True,True,True,True,-1.106,4.057,44.05,1.0,.,True,True,matched,1.0,0,12.0,98,0.0023624530965552764,0.6213251643940377,0.11406844106463879,-0.9579312654681346
1BTL_A,1BTL,1,A,A,99,124,,SER,S,99,S,99,True,True,True,True,True,-2.752,7.326,42.789,1.0,.,True,True,matched,1.0,0,10.0,99,0.002834996993182393,0.7456042092069693,0.2965779467680608,-0.643543375186713
1BTL_A,1BTL,1,A,A,100,125,,ALA,A,100,A,100,True,True,True,True,True,0.468,9.28,43.779,1.0,.,True,True,matched,1.0,0,13.0,100,0.002657652996548643,0.6989627380922931,0.23193916349809887,-0.7615320009074599
1BTL_A,1BTL,1,A,A,101,126,,ALA,A,101,A,101,True,True,True,True,True,2.885,6.745,42.274,1.0,.,True,True,matched,1.0,0,13.0,101,0.0024196626560526644,0.6363712785418507,0.1482889733840304,-0.9198692084979945
1BTL_A,1BTL,1,A,A,102,127,,ILE,I,102,I,102,True,True,True,True,True,1.066,6.622,38.873,1.0,.,True,True,matched,1.0,0,14.0,102,0.002634738608864355,0.6929362541313253,0.22813688212927757,-0.7767771581353367
1BTL_A,1BTL,1,A,A,103,128,,THR,T,103,T,103,True,True,True,True,True,-0.325,10.203,38.308,1.0,.,True,True,matched,1.0,0,13.0,103,0.0028857689338048324,0.7589572295906709,0.3193916349809886,-0.6097643264851741
1BTL_A,1BTL,1,A,A,104,129,,MET,M,104,M,104,True,True,True,True,True,2.651,12.154,39.857,1.0,.,True,True,matched,1.0,0,12.0,104,0.0030472864341367406,0.8014363321779628,0.40304182509505704,-0.5023052173202384
1BTL_A,1BTL,1,A,A,105,130,,SER,S,105,S,105,True,True,True,True,True,5.586,9.568,39.68,1.0,.,True,True,matched,1.0,0,9.0,105,0.0030686664733329035,0.8070592824865537,0.4144486692015209,-0.48808087654471927
1BTL_A,1BTL,1,A,A,106,131,,ASP,D,106,D,106,True,True,True,True,True,6.151,9.865,43.481,1.0,.,True,True,matched,1.0,0,14.0,106,0.003042283400978565,0.8001205344573625,0.39923954372623577,-0.5056337822447539
1BTL_A,1BTL,1,A,A,107,132,,ASN,N,107,N,107,True,True,True,True,True,9.282,7.84,44.496,1.0,.,True,True,matched,1.0,0,13.0,107,0.003181156379084429,0.8366441276992048,0.4600760456273764,-0.41324028628504905
1BTL_A,1BTL,1,A,A,108,133,,THR,T,108,T,108,True,True,True,True,True,8.611,7.319,48.233,1.0,.,True,True,matched,1.0,0,14.0,108,0.003109469900839724,0.8177905839208475,0.4372623574144487,-0.4609339731952451
1BTL_A,1BTL,1,A,A,109,134,,ALA,A,109,A,109,True,True,True,True,True,5.036,6.013,47.476,1.0,.,True,True,matched,1.0,0,13.0,109,0.0023623662561212426,0.6213023253598868,0.11026615969581749,-0.9579890412240842
1BTL_A,1BTL,1,A,A,110,135,,ALA,A,110,A,110,True,True,True,True,True,6.495,3.267,45.282,1.0,.,True,True,matched,1.0,0,14.0,110,0.002213324671280989,0.5821043885469002,0.053231939163498096,-1.057147806698737
1BTL_A,1BTL,1,A,A,111,136,,ASN,N,111,N,111,True,True,True,True,True,9.05,2.167,47.956,1.0,.,True,True,matched,1.0,0,10.0,111,0.002535555731932854,0.6668511574983406,0.19391634980988592,-0.8427644572055478
1BTL_A,1BTL,1,A,A,112,137,,LEU,L,112,L,112,True,True,True,True,True,6.234,1.964,50.612,1.0,.,True,True,matched,1.0,0,8.0,112,0.002395403540336149,0.6299911311084072,0.13307984790874525,-0.9360090259089184
1BTL_A,1BTL,1,A,A,113,138,,LEU,L,113,L,113,True,True,True,True,True,4.052,-0.223,48.33,1.0,.,True,True,matched,1.0,0,13.0,113,0.0022627566743805517,0.5951050053620851,0.06844106463878327,-1.0242602310094049
1BTL_A,1BTL,1,A,A,114,139,,LEU,L,114,L,114,True,True,True,True,True,7.069,-2.453,47.47,1.0,.,True,True,matched,1.0,0,11.0,114,0.0023690286402290135,0.6230545323802306,0.12547528517110265,-0.9535564945361743
1BTL_A,1BTL,1,A,A,115,140,,THR,T,115,T,115,True,True,True,True,True,7.488,-3.179,51.233,1.0,.,True,True,matched,1.0,0,8.0,115,0.0028173836187224584,0.7409718917240066,0.28517110266159695,-0.6552617185548532
1BTL_A,1BTL,1,A,A,116,141,,THR,T,116,T,116,True,True,True,True,True,3.793,-4.282,51.62,1.0,.,True,True,matched,1.0,0,7.0,116,0.0030026536730267325,0.7896979160060307,0.3726235741444867,-0.5319998122625633
1BTL_A,1BTL,1,A,A,117,142,,ILE,I,117,I,117,True,True,True,True,True,4.062,-6.922,48.839,1.0,.,True,True,matched,1.0,0,9.0,117,0.0029762178392765005,0.7827452917297196,0.3650190114068441,-0.5495878206145665
1BTL_A,1BTL,1,A,A,118,143,,GLY,G,118,G,118,True,True,True,True,True,7.514,-8.313,49.904,1.0,.,True,True,matched,1.0,0,9.0,118,0.003145398147788787,0.827239712868451,0.44866920152091255,-0.4370305732350526
1BTL_A,1BTL,1,A,A,119,144,,GLY,G,119,G,119,True,True,True,True,True,9.988,-6.329,47.73,1.0,.,True,True,matched,1.0,0,9.0,119,0.002872798976463876,0.7555461308099994,0.311787072243346,-0.618393360855458
1BTL_A,1BTL,1,A,A,120,145,,PRO,P,120,P,120,True,True,True,True,True,11.567,-6.547,44.168,1.0,.,True,True,matched,1.0,0,11.0,120,0.0028815282277993106,0.7578419239112187,0.3155893536121673,-0.6125857079989254
1BTL_A,1BTL,1,A,A,121,146,,LYS,K,121,K,121,True,True,True,True,True,11.797,-10.363,44.288,1.0,.,True,True,matched,1.0,0,9.0,121,0.0032973496464431687,0.8672029570145534,0.49809885931558934,-0.3359358147839708
1BTL_A,1BTL,1,A,A,122,147,,GLU,E,122,E,122,True,True,True,True,True,8.033,-10.764,44.825,1.0,.,True,True,matched,1.0,0,9.0,122,0.003185831075433257,0.8378735728389466,0.46387832699619774,-0.41013016692194987
1BTL_A,1BTL,1,A,A,123,148,,LEU,L,123,L,123,True,True,True,True,True,7.055,-8.426,41.978,1.0,.,True,True,matched,1.0,0,13.0,123,0.002771858868740732,0.7289988824788125,0.2661596958174905,-0.685549762066794
1BTL_A,1BTL,1,A,A,124,149,,THR,T,124,T,124,True,True,True,True,True,9.439,-10.385,39.6,1.0,.,True,True,matched,1.0,0,11.0,124,0.0028366675756165876,0.7460435723871626,0.30038022813688214,-0.6424319210111825
1BTL_A,1BTL,1,A,A,125,150,,ALA,A,125,A,125,True,True,True,True,True,7.78,-13.66,40.851,1.0,.,True,True,matched,1.0,0,8.0,125,0.0032173706739751324,0.8461684872554598,0.4752851711026616,-0.38914657594409907
1BTL_A,1BTL,1,A,A,126,151,,PHE,F,126,F,126,True,True,True,True,True,4.26,-12.209,40.133,1.0,.,True,True,matched,1.0,0,9.0,126,0.0031601426168343404,0.8311175082274316,0.45627376425855515,-0.4272209395700365
1BTL_A,1BTL,1,A,A,127,152,,LEU,L,127,L,127,True,True,True,True,True,5.398,-11.346,36.546,1.0,.,True,True,matched,1.0,0,12.0,127,0.002864784182811002,0.7534382400792935,0.3041825095057034,-0.6237256783090391
1BTL_A,1BTL,1,A,A,128,153,,HIS,H,128,H,128,True,True,True,True,True,6.912,-14.811,35.93,1.0,.,True,True,matched,1.0,0,10.0,128,0.003073409504477048,0.8083066996774636,0.41825095057034223,-0.4849252934008251
1BTL_A,1BTL,1,A,A,129,154,,ASN,N,129,N,129,True,True,True,True,True,3.607,-16.423,36.948,1.0,.,True,True,matched,1.0,0,7.0,129,0.003502008934993587,0.9210283499033134,0.5475285171102662,-0.19977406893745714
1BTL_A,1BTL,1,A,A,130,155,,MET,M,130,M,130,True,True,True,True,True,1.507,-14.55,34.406,1.0,.,True,True,matched,1.0,0,6.0,130,0.0035499835589321792,0.9336456759991631,0.5513307984790875,-0.1678561012846016
1BTL_A,1BTL,1,A,A,131,156,,GLY,G,131,G,131,True,True,True,True,True,3.842,-15.599,31.551,1.0,.,True,True,matched,1.0,0,6.0,131,0.0034505958463561153,0.9075067075916583,0.5361216730038023,-0.23397967943196987
1BTL_A,1BTL,1,A,A,132,157,,ASP,D,132,D,132,True,True,True,True,True,6.455,-12.834,31.44,1.0,.,True,True,matched,1.0,0,10.0,132,0.002965329030315844,0.779881534973067,0.3574144486692015,-0.556832247431319
1BTL_A,1BTL,1,A,A,133,158,,HIS,H,133,H,133,True,True,True,True,True,9.901,-14.517,31.772,1.0,.,True,True,matched,1.0,0,6.0,133,0.003103299854078341,0.8161678616226037,0.43346007604562736,-0.46503896322494315
1BTL_A,1BTL,1,A,A,134,159,,VAL,V,134,V,134,True,True,True,True,True,11.855,-11.371,30.67,1.0,.,True,True,matched,1.0,0,8.0,134,0.002931428585821016,0.7709657180709273,0.34220532319391633,-0.5793865313833589
1BTL_A,1BTL,1,A,A,135,160,,THR,T,135,T,135,True,True,True,True,True,10.88,-8.265,32.78,1.0,.,True,True,matched,1.0,0,13.0,135,0.002560249711853417,0.6733456742174487,0.21292775665399238,-0.8263353205575217
1BTL_A,1BTL,1,A,A,136,161,,ARG,R,136,R,136,True,True,True,True,True,12.7,-8.102,36.171,1.0,.,True,True,matched,1.0,0,10.0,136,0.002800267647026106,0.7364703911678658,0.27756653992395436,-0.6666491351951722
1BTL_A,1BTL,1,A,A,137,162,,LEU,L,137,L,137,True,True,True,True,True,12.849,-5.653,39.109,1.0,.,True,True,matched,1.0,0,11.0,137,0.002706362731030965,0.7117733982611437,0.25475285171102663,-0.7291249573092449
1BTL_A,1BTL,1,A,A,138,163,,ASP,D,138,D,138,True,True,True,True,True,16.007,-5.93,41.261,1.0,.,True,True,matched,1.0,0,9.0,138,0.0031288759981884474,0.8228943875235617,0.44106463878326996,-0.44802291446057835
1BTL_A,1BTL,1,A,A,139,164,,ARG,R,139,R,139,True,True,True,True,True,16.493,-2.649,43.29,1.0,.,True,True,matched,1.0,0,9.0,139,0.0030604443468882766,0.8048968632316168,0.4068441064638783,-0.49355113445092413
1BTL_A,1BTL,1,A,A,140,165,,TRP,W,140,W,140,True,True,True,True,True,14.459,0.075,45.132,1.0,.,True,True,matched,1.0,0,8.0,140,0.0029599951927001458,0.7784787356801384,0.35361216730038025,-0.5603808996667458
1BTL_A,1BTL,1,A,A,141,166,,GLU,E,141,E,141,True,True,True,True,True,14.125,3.889,44.353,1.0,.,True,True,matched,1.0,0,11.0,141,0.003030593666817932,0.7970461343731161,0.39543726235741444,-0.5134110721154811
1BTL_A,1BTL,1,A,A,142,167,,PRO,P,142,P,142,True,True,True,True,True,16.368,5.804,43.421,1.0,.,True,True,matched,1.0,0,8.0,142,0.003408447593829156,0.8964217171770681,0.5247148288973384,-0.26202130749145897
1BTL_A,1BTL,1,A,A,143,168,,GLU,E,143,E,143,True,True,True,True,True,19.068,3.187,42.499,1.0,.,True,True,matched,1.0,0,7.0,143,0.0034012555916361417,0.8945302206003053,0.5171102661596958,-0.26680621406310256
1BTL_A,1BTL,1,A,A,144,169,,LEU,L,144,L,144,True,True,True,True,True,16.966,1.369,39.908,1.0,.,True,True,matched,1.0,0,12.0,144,0.0028983094026437013,0.7622553728952934,0.33079847908745247,-0.6014210348470155
1BTL_A,1BTL,1,A,A,145,170,,ASN,N,145,N,145,True,True,True,True,True,17.45,4.355,37.516,1.0,.,True,True,matched,1.0,0,11.0,145,0.003083594051741835,0.8109852356081027,0.4220532319391635,-0.47814941850136683
1BTL_A,1BTL,1,A,A,146,171,,GLU,E,146,E,146,True,True,True,True,True,21.305,3.896,37.17,1.0,.,True,True,matched,1.0,0,8.0,146,0.0033493871662638435,0.8808888247273908,0.5095057034220533,-0.3013147643616241
1BTL_A,1BTL,1,A,A,147,172,,ALA,A,147,A,147,True,True,True,True,True,21.144,2.581,33.555,1.0,.,True,True,matched,1.0,0,12.0,147,0.0030027072565123824,0.7897120084627566,0.376425855513308,-0.5319641626665625
1BTL_A,1BTL,1,A,A,148,173,,ILE,I,148,I,148,True,True,True,True,True,24.722,1.117,33.456,1.0,.,True,True,matched,1.0,0,5.0,148,0.0038231827339584986,1.0054970590310852,0.6159695817490495,0.0139058744306946
1BTL_A,1BTL,1,A,A,149,174,,PRO,P,149,P,149,True,True,True,True,True,25.68,-0.03,29.869,1.0,.,True,True,matched,1.0,0,4.0,149,0.004067937081809383,1.0698674525158678,0.6768060836501901,0.17674323960941368
1BTL_A,1BTL,1,A,A,150,175,,ASN,N,150,N,150,True,True,True,True,True,24.927,-3.746,29.333,1.0,.,True,True,matched,1.0,0,4.0,150,0.0041654334196608925,1.0955089893708148,0.6958174904942965,0.24160846839785785
1BTL_A,1BTL,1,A,A,151,176,,ASP,D,151,D,151,True,True,True,True,True,23.423,-4.303,32.838,1.0,.,True,True,matched,1.0,0,6.0,151,0.0038265319697811323,1.0063779080524378,0.6197718631178707,0.016134152463377897
1BTL_A,1BTL,1,A,A,152,177,,GLU,E,152,E,152,True,True,True,True,True,20.288,-6.565,32.931,1.0,.,True,True,matched,1.0,0,6.0,152,0.0034017779573244263,0.8946676027763241,0.5209125475285171,-0.2664586792671453
1BTL_A,1BTL,1,A,A,153,178,,ARG,R,153,R,153,True,True,True,True,True,19.029,-5.381,36.349,1.0,.,True,True,matched,1.0,0,9.0,153,0.0031956500446045106,0.8404559617309862,0.467680608365019,-0.4035975145598675
1BTL_A,1BTL,1,A,A,154,179,,ASP,D,154,D,154,True,True,True,True,True,15.652,-3.427,36.333,1.0,.,True,True,matched,1.0,0,13.0,154,0.00273301900049196,0.7187839971293855,0.2585551330798479,-0.711390291009601
1BTL_A,1BTL,1,A,A,155,180,,THR,T,155,T,155,True,True,True,True,True,15.064,-3.939,32.562,1.0,.,True,True,matched,1.0,0,12.0,155,0.0024527814184137605,0.645081513042819,0.1634980988593156,-0.8978349850073186
1BTL_A,1BTL,1,A,A,156,181,,THR,T,156,T,156,True,True,True,True,True,12.308,-5.093,30.122,1.0,.,True,True,matched,1.0,0,13.0,156,0.002547648165893168,0.6700314676299032,0.20152091254752852,-0.8347192473778764
1BTL_A,1BTL,1,A,A,157,182,,MET,M,157,M,157,True,True,True,True,True,12.049,-5.537,26.286,1.0,.,True,True,matched,1.0,0,13.0,157,0.0023510847528037237,0.6183352899873793,0.09885931558935361,-0.9654947312827505
1BTL_A,1BTL,1,A,A,158,183,,PRO,P,158,P,158,True,True,True,True,True,9.395,-3.554,24.194,1.0,.,True,True,matched,1.0,0,17.0,158,0.002177078040372747,0.5725715246180325,0.04182509505703422,-1.0812630304956994
1BTL_A,1BTL,1,A,A,159,184,,VAL,V,159,V,159,True,True,True,True,True,7.512,-6.734,23.164,1.0,.,True,True,matched,1.0,0,9.0,159,0.002422122227598561,0.6370181458584215,0.1520912547528517,-0.9182328324600645
1BTL_A,1BTL,1,A,A,160,185,,ALA,A,160,A,160,True,True,True,True,True,7.501,-8.125,26.771,1.0,.,True,True,matched,1.0,0,11.0,160,0.002536089357673549,0.6669915010681433,0.19771863117870722,-0.8424094309910217
1BTL_A,1BTL,1,A,A,161,186,,MET,M,161,M,161,True,True,True,True,True,6.125,-4.909,28.332,1.0,.,True,True,matched,1.0,0,11.0,161,0.0023660758301520847,0.6222779433299983,0.12167300380228137,-0.9555210267989196
1BTL_A,1BTL,1,A,A,162,187,,ALA,A,162,A,162,True,True,True,True,True,3.477,-4.541,25.546,1.0,.,True,True,matched,1.0,0,14.0,162,0.002263845943398181,0.5953914831137217,0.07224334600760456,-1.0235355301068099
1BTL_A,1BTL,1,A,A,163,188,,THR,T,163,T,163,True,True,True,True,True,2.012,-8.087,25.886,1.0,.,True,True,matched,1.0,0,9.0,163,0.00241550866752287,0.6352787795585149,0.1444866920152091,-0.9226328960611117
1BTL_A,1BTL,1,A,A,164,189,,THR,T,164,T,164,True,True,True,True,True,2.07,-7.866,29.794,1.0,.,True,True,matched,1.0,0,9.0,164,0.0025133504735724956,0.6610111745495664,0.18631178707224336,-0.8575378240374882
1BTL_A,1BTL,1,A,A,165,190,,LEU,L,165,L,165,True,True,True,True,True,0.116,-4.524,29.668,1.0,.,True,True,matched,1.0,0,8.0,165,0.0024590559453032765,0.6467317136147618,0.16730038022813687,-0.8936604833675998
1BTL_A,1BTL,1,A,A,166,191,,ARG,R,166,R,166,True,True,True,True,True,-2.482,-6.151,27.301,1.0,.,True,True,matched,1.0,0,12.0,166,0.0026015813106491864,0.684215884700736,0.21673003802281368,-0.79883701989147
1BTL_A,1BTL,1,A,A,167,192,,LYS,K,167,K,167,True,True,True,True,True,-3.001,-9.001,29.8,1.0,.,True,True,matched,1.0,0,10.0,167,0.002698270549125141,0.7096451544199122,0.24714828897338403,-0.734508761893971
1BTL_A,1BTL,1,A,A,168,193,,LEU,L,168,L,168,True,True,True,True,True,-3.36,-6.67,32.81,1.0,.,True,True,matched,1.0,0,11.0,168,0.002619924158682013,0.6890400537333694,0.22053231939163498,-0.7866333509075839
1BTL_A,1BTL,1,A,A,169,194,,LEU,L,169,L,169,True,True,True,True,True,-5.977,-4.504,31.017,1.0,.,True,True,matched,1.0,0,8.0,169,0.0029190033096726633,0.7676978704439105,0.33840304182509506,-0.5876531842431825
1BTL_A,1BTL,1,A,A,170,195,,THR,T,170,T,170,True,True,True,True,True,-8.22,-7.073,29.145,1.0,.,True,True,matched,1.0,0,7.0,170,0.003387434114740052,0.8908951721766337,0.5133079847908745,-0.2760017723867855
1BTL_A,1BTL,1,A,A,171,196,,GLY,G,171,G,171,True,True,True,True,True,-7.483,-10.549,30.602,1.0,.,True,True,matched,1.0,0,8.0,171,0.0034772080725293543,0.9145057230752202,0.5399239543726235,-0.2162743155451124
1BTL_A,1BTL,1,A,A,172,197,,GLU,E,172,E,172,True,True,True,True,True,-9.143,-12.629,33.381,1.0,.,True,True,matched,1.0,0,6.0,172,0.004132555790796388,1.08686217297945,0.6806083650190115,0.21973467328602828
1BTL_A,1BTL,1,A,A,173,198,,LEU,L,173,L,173,True,True,True,True,True,-6.247,-11.957,35.824,1.0,.,True,True,matched,1.0,0,7.0,173,0.003636978150733416,0.9565252536428884,0.5741444866920152,-0.10997778272520184
1BTL_A,1BTL,1,A,A,174,199,,LEU,L,174,L,174,True,True,True,True,True,-7.94,-9.024,37.689,1.0,.,True,True,matched,1.0,0,11.0,174,0.003706497166843199,0.9748087548797614,0.5893536121673004,-0.0637261287197301
1BTL_A,1BTL,1,A,A,175,200,,THR,T,175,T,175,True,True,True,True,True,-11.721,-8.514,38.3,1.0,.,True,True,matched,1.0,0,8.0,175,0.0044517432427629445,1.1708084728466543,0.7338403041825095,0.43209308134997415
1BTL_A,1BTL,1,A,A,176,201,,LEU,L,176,L,176,True,True,True,True,True,-13.476,-5.958,36.019,1.0,.,True,True,matched,1.0,0,6.0,176,0.004791776595911954,1.2602372447248438,0.779467680608365,0.6583204631548671
1BTL_A,1BTL,1,A,A,177,202,,ALA,A,177,A,177,True,True,True,True,True,-13.768,-3.383,38.911,1.0,.,True,True,matched,1.0,0,6.0,177,0.004554727877833854,1.1978934318703036,0.7452471482889734,0.500609725798128
1BTL_A,1BTL,1,A,A,178,203,,SER,S,178,S,178,True,True,True,True,True,-9.967,-3.618,39.453,1.0,.,True,True,matched,1.0,0,10.0,178,0.0035795737055996603,0.9414278845727106,0.5627376425855514,-0.14816949893864428
1BTL_A,1BTL,1,A,A,179,204,,ARG,R,179,R,179,True,True,True,True,True,-9.004,-3.398,35.72,1.0,.,True,True,matched,1.0,0,12.0,179,0.003413086807647279,0.8976418304112344,0.5285171102661597,-0.258934794989119
1BTL_A,1BTL,1,A,A,180,205,,GLN,Q,180,Q,180,True,True,True,True,True,-11.101,-0.203,35.458,1.0,.,True,True,matched,1.0,0,8.0,180,0.0036691843282509566,0.9649954783300015,0.5817490494296578,-0.08855071049754315
1BTL_A,1BTL,1,A,A,181,206,,GLN,Q,181,Q,181,True,True,True,True,True,-9.412,1.285,38.615,1.0,.,True,True,matched,1.0,0,8.0,181,0.0032306649790490565,0.8496648894899018,0.4828897338403042,-0.38030174998236055
1BTL_A,1BTL,1,A,A,182,207,,LEU,L,182,L,182,True,True,True,True,True,-5.909,0.808,37.054,1.0,.,True,True,matched,1.0,0,11.0,182,0.002688588103349865,0.7070986711810145,0.23954372623574144,-0.7409505839591396
1BTL_A,1BTL,1,A,A,183,208,,ILE,I,183,I,183,True,True,True,True,True,-7.148,2.383,33.705,1.0,.,True,True,matched,1.0,0,10.0,183,0.0028920147468810935,0.7605998784297275,0.3269961977186312,-0.6056089284149556
1BTL_A,1BTL,1,A,A,184,209,,ASP,D,184,D,184,True,True,True,True,True,-8.592,5.386,35.65,1.0,.,True,True,matched,1.0,0,9.0,184,0.0030659965034850285,0.8063570804165625,0.41064638783269963,-0.4898572325480025
1BTL_A,1BTL,1,A,A,185,210,,TRP,W,185,W,185,True,True,True,True,True,-5.219,6.098,37.39,1.0,.,True,True,matched,1.0,0,12.0,185,0.002700895903865572,0.7103356227166454,0.2509505703422053,-0.7327620887404805
1BTL_A,1BTL,1,A,A,186,211,,MET,M,186,M,186,True,True,True,True,True,-3.341,5.989,34.018,1.0,.,True,True,matched,1.0,0,12.0,186,0.0026200619176404063,0.6890762843394268,0.22433460076045628,-0.7865416985793964
1BTL_A,1BTL,1,A,A,187,212,,GLU,E,187,E,187,True,True,True,True,True,-5.961,8.269,32.341,1.0,.,True,True,matched,1.0,0,9.0,187,0.003030493383760478,0.7970197599290056,0.3916349809885932,-0.5134777913749805
1BTL_A,1BTL,1,A,A,188,213,,ALA,A,188,A,188,True,True,True,True,True,-5.38,10.858,35.122,1.0,.,True,True,matched,1.0,0,8.0,188,0.003084800431578949,0.8113025135052636,0.42585551330798477,-0.4773468026712281
1BTL_A,1BTL,1,A,A,189,214,,ASP,D,189,D,189,True,True,True,True,True,-1.565,11.089,34.538,1.0,.,True,True,matched,1.0,0,13.0,189,0.002692743974289907,0.7081916652382455,0.24334600760456274,-0.7381856440108142
1BTL_A,1BTL,1,A,A,190,215,,LYS,K,190,K,190,True,True,True,True,True,-0.377,14.678,35.237,1.0,.,True,True,matched,1.0,0,7.0,190,0.0029748643733069104,0.7823893301797175,0.3612167300380228,-0.5504882942293657
1BTL_A,1BTL,1,A,A,191,216,,VAL,V,191,V,191,True,True,True,True,True,3.286,14.633,34.267,1.0,.,True,True,matched,1.0,0,8.0,191,0.003024631966757669,0.7954782072572669,0.3840304182509506,-0.5173774471291355
1BTL_A,1BTL,1,A,A,192,217,,ALA,A,192,A,192,True,True,True,True,True,3.433,13.409,30.616,1.0,.,True,True,matched,1.0,0,10.0,192,0.0028717822222546806,0.755278724452981,0.30798479087452474,-0.6190698169752923
1BTL_A,1BTL,1,A,A,193,218,,GLY,G,193,G,193,True,True,True,True,True,2.139,16.601,28.889,1.0,.,True,True,matched,1.0,0,8.0,193,0.0038527234212858597,1.0132662597981812,0.623574144486692,0.03355957101338626
1BTL_A,1BTL,1,A,A,194,219,,PRO,P,194,P,194,True,True,True,True,True,5.051,17.206,26.37,1.0,.,True,True,matched,1.0,0,9.0,194,0.0039907490791853155,1.049567007825738,0.6577946768060836,0.1253893368858189
1BTL_A,1BTL,1,A,A,195,220,,LEU,L,195,L,195,True,True,True,True,True,5.133,13.564,25.086,1.0,.,True,True,matched,1.0,0,12.0,195,0.003291557915088976,0.8656797316684007,0.49429657794676807,-0.33978910802194956
1BTL_A,1BTL,1,A,A,196,221,,LEU,L,196,L,196,True,True,True,True,True,2.266,11.617,23.306,1.0,.,True,True,matched,1.0,0,12.0,196,0.003158991752410212,0.8308148308838857,0.4524714828897338,-0.4279866204747825
1BTL_A,1BTL,1,A,A,197,222,,ARG,R,197,R,197,True,True,True,True,True,-0.526,13.854,24.717,1.0,.,True,True,matched,1.0,0,9.0,197,0.003862208882431501,1.0157609360794848,0.6273764258555133,0.03987033735532831
1BTL_A,1BTL,1,A,A,198,223,,SER,S,198,S,198,True,True,True,True,True,0.882,16.89,22.779,1.0,.,True,True,matched,1.0,0,8.0,198,0.004271171153048083,1.1233180132516458,0.7110266159695817,0.31195677499966734
1BTL_A,1BTL,1,A,A,199,224,,ALA,A,199,A,199,True,True,True,True,True,0.107,15.117,19.47,1.0,.,True,True,matched,1.0,0,11.0,199,0.004219272329921492,1.1096686227693524,0.6996197718631179,0.27742800078986557
1BTL_A,1BTL,1,A,A,200,225,,LEU,L,200,L,200,True,True,True,True,True,-3.333,13.692,20.443,1.0,.,True,True,matched,1.0,0,9.0,200,0.004614632480705021,1.2136483424254205,0.7566539923954373,0.5404648204237053
1BTL_A,1BTL,1,A,A,201,226,,PRO,P,201,P,201,True,True,True,True,True,-6.47,14.861,18.461,1.0,.,True,True,matched,1.0,0,5.0,201,0.006248166078883829,1.6432676787464469,0.9239543726235742,1.627270057568703
1BTL_A,1BTL,1,A,A,202,227,,ALA,A,202,A,202,True,True,True,True,True,-9.681,16.187,20.089,1.0,.,True,True,matched,1.0,0,4.0,202,0.0076316005370844,2.007110941253197,0.9771863117870723,2.5476819891601195
1BTL_A,1BTL,1,A,A,203,228,,GLY,G,203,G,203,True,True,True,True,True,-12.107,13.397,21.173,1.0,.,True,True,matched,1.0,0,7.0,203,0.0066986617879561585,1.7617480502324696,0.9467680608365019,1.926989081699583
1BTL_A,1BTL,1,A,A,204,229,,TRP,W,204,W,204,True,True,True,True,True,-9.445,10.62,21.457,1.0,.,True,True,matched,1.0,0,12.0,204,0.005029523763972489,1.3227647499247646,0.7984790874524715,0.8164958858413973
1BTL_A,1BTL,1,A,A,205,230,,PHE,F,205,F,205,True,True,True,True,True,-8.783,8.533,24.608,1.0,.,True,True,matched,1.0,0,11.0,205,0.004331139957562073,1.1390898088388253,0.7186311787072244,0.3518545835808874
1BTL_A,1BTL,1,A,A,206,231,,ILE,I,206,I,206,True,True,True,True,True,-5.302,8.083,26.252,1.0,.,True,True,matched,1.0,0,11.0,206,0.0031419625841184696,0.8263361596231575,0.4448669201520912,-0.4393162859951751
1BTL_A,1BTL,1,A,A,207,232,,ALA,A,207,A,207,True,True,True,True,True,-4.167,6.281,29.486,1.0,.,True,True,matched,1.0,0,14.0,207,0.0026616849916123665,0.7000231527940524,0.23574144486692014,-0.7588494767424945
1BTL_A,1BTL,1,A,A,208,233,,ASP,D,208,D,208,True,True,True,True,True,-0.328,6.349,29.955,1.0,.,True,True,matched,1.0,0,11.0,208,0.002438849806615252,0.6414174991398113,0.155893536121673,-0.9071038171154372
1BTL_A,1BTL,1,A,A,209,234,,LYS,K,209,K,209,True,True,True,True,True,2.849,6.444,32.228,1.0,.,True,True,matched,1.0,0,15.0,209,0.002279858233860763,0.5996027155053806,0.07604562737642585,-1.012882402951775
1BTL_A,1BTL,1,A,A,210,235,,SER,S,210,S,210,True,True,True,True,True,6.3,8.043,31.6,1.0,.,True,True,matched,1.0,0,12.0,210,0.0022398677697186495,0.5890852234360048,0.06463878326996197,-1.0394884341432746
1BTL_A,1BTL,1,A,A,211,236,,GLY,G,211,G,211,True,True,True,True,True,9.824,7.564,33.008,1.0,.,True,True,matched,1.0,0,11.0,211,0.0023934923963145442,0.6294885002307251,0.12927756653992395,-0.9372805279667482
1BTL_A,1BTL,1,A,A,212,237,,ALA,A,212,A,212,True,True,True,True,True,13.283,9.225,33.034,1.0,.,True,True,matched,1.0,0,11.0,212,0.0029055633656573034,0.7641631651678708,0.33460076045627374,-0.5965949051597974
1BTL_A,1BTL,1,A,A,213,238,,GLY,G,213,G,213,True,True,True,True,True,16.723,8.168,34.402,1.0,.,True,True,matched,1.0,0,11.0,213,0.003200131744225735,0.8416346487313683,0.4714828897338403,-0.4006157977313384
1BTL_A,1BTL,1,A,A,214,240,,GLU,E,214,E,214,True,True,True,True,True,20.558,8.484,34.084,1.0,.,True,True,matched,1.0,0,8.0,214,0.0037569860595524024,0.9880873336622819,0.596958174904943,-0.03013539445188928
1BTL_A,1BTL,1,A,A,215,241,,ARG,R,215,R,215,True,True,True,True,True,22.65,8.407,30.837,1.0,.,True,True,matched,1.0,0,10.0,215,0.003917527277252657,1.0303096739174489,0.6387832699619772,0.07667418471366495
1BTL_A,1BTL,1,A,A,216,242,,GLY,G,216,G,216,True,True,True,True,True,19.908,10.011,28.718,1.0,.,True,True,matched,1.0,0,14.0,216,0.0037563438830145483,0.9879184412328262,0.5931558935361216,-0.030562640530751455
1BTL_A,1BTL,1,A,A,217,243,,SER,S,217,S,217,True,True,True,True,True,17.182,7.371,29.498,1.0,.,True,True,matched,1.0,0,14.0,217,0.0028866120592919223,0.7591789715937756,0.3231939163498099,-0.6092033871840411
1BTL_A,1BTL,1,A,A,218,244,,ARG,R,218,R,218,True,True,True,True,True,13.527,8.332,28.708,1.0,.,True,True,matched,1.0,0,12.0,218,0.0025075524465315783,0.6594862934378051,0.18250950570342206,-0.8613953058549436
1BTL_A,1BTL,1,A,A,219,245,,GLY,G,219,G,219,True,True,True,True,True,10.351,6.204,27.931,1.0,.,True,True,matched,1.0,0,14.0,219,0.0019765835484850582,0.5198414732515703,0.026615969581749048,-1.2146538980267962
1BTL_A,1BTL,1,A,A,220,246,,ILE,I,220,I,220,True,True,True,True,True,6.482,5.968,27.771,1.0,.,True,True,matched,1.0,0,12.0,220,0.0018618901731656885,0.4896771155425761,0.011406844106463879,-1.2909604772743224
1BTL_A,1BTL,1,A,A,221,247,,ILE,I,221,I,221,True,True,True,True,True,3.841,3.117,27.746,1.0,.,True,True,matched,1.0,0,13.0,221,0.001974600140031621,0.5193198368283163,0.022813688212927757,-1.2159734782894838
1BTL_A,1BTL,1,A,A,222,248,,ALA,A,222,A,222,True,True,True,True,True,0.219,3.914,26.579,1.0,.,True,True,matched,1.0,0,11.0,222,0.0021398995794279212,0.5627935893895433,0.034220532319391636,-1.1059982095632588
1BTL_A,1BTL,1,A,A,223,249,,ALA,A,223,A,223,True,True,True,True,True,-3.255,2.596,25.553,1.0,.,True,True,matched,1.0,0,12.0,223,0.0025305490625529567,0.6655344034514277,0.19011406844106463,-0.8460954413425084
1BTL_A,1BTL,1,A,A,224,250,,LEU,L,224,L,224,True,True,True,True,True,-4.979,5.009,23.079,1.0,.,True,True,matched,1.0,0,13.0,224,0.0028255931788371733,0.7431310060341766,0.2889733840304182,-0.6497998211459012
1BTL_A,1BTL,1,A,A,225,251,,GLY,G,225,G,225,True,True,True,True,True,-7.683,5.219,20.315,1.0,.,True,True,matched,1.0,0,12.0,225,0.0037843369003540328,0.9952806047931106,0.6083650190114068,-0.011938623319253397
1BTL_A,1BTL,1,A,A,226,252,,PRO,P,226,P,226,True,True,True,True,True,-10.412,7.31,18.509,1.0,.,True,True,matched,1.0,0,10.0,226,0.005239970285665207,1.3781121851299494,0.8250950570342205,0.9565079322232919
1BTL_A,1BTL,1,A,A,227,254,,ASP,D,227,D,227,True,True,True,True,True,-13.943,8.093,19.686,1.0,.,True,True,matched,1.0,0,7.0,227,0.0063894696954283825,1.6804305298976645,0.9391634980988594,1.7212806800985125
1BTL_A,1BTL,1,A,A,228,255,,GLY,G,228,G,228,True,True,True,True,True,-13.185,7.909,23.393,1.0,.,True,True,matched,1.0,0,8.0,228,0.005763075341236627,1.515688814745233,0.8973384030418251,1.3045346361771426
1BTL_A,1BTL,1,A,A,229,256,,LYS,K,229,K,229,True,True,True,True,True,-12.189,4.148,23.545,1.0,.,True,True,matched,1.0,0,9.0,229,0.005155760996051406,1.3559651419615197,0.8136882129277566,0.9004827013553309
1BTL_A,1BTL,1,A,A,230,257,,PRO,P,230,P,230,True,True,True,True,True,-8.659,2.451,23.575,1.0,.,True,True,matched,1.0,0,11.0,230,0.003908580668368427,1.0279567157808962,0.6349809885931559,0.07072192183954355
1BTL_A,1BTL,1,A,A,231,258,,SER,S,231,S,231,True,True,True,True,True,-7.773,0.116,20.682,1.0,.,True,True,matched,1.0,0,11.0,231,0.0038997236196575058,1.025627311969924,0.6311787072243346,0.06482924418944268
1BTL_A,1BTL,1,A,A,232,259,,ARG,R,232,R,232,True,True,True,True,True,-3.89,-0.063,20.442,1.0,.,True,True,matched,1.0,0,11.0,232,0.003026029913526491,0.7958458672574671,0.38783269961977185,-0.516447380021058
1BTL_A,1BTL,1,A,A,233,260,,ILE,I,233,I,233,True,True,True,True,True,-0.887,-0.21,22.843,1.0,.,True,True,matched,1.0,0,14.0,233,0.0023591790219597885,0.6204640827754244,0.10646387832699619,-0.9601095380308456
1BTL_A,1BTL,1,A,A,234,261,,VAL,V,234,V,234,True,True,True,True,True,2.336,1.762,22.059,1.0,.,True,True,matched,1.0,0,12.0,234,0.001957509587162628,0.5148250214237712,0.019011406844106463,-1.227343983545349
1BTL_A,1BTL,1,A,A,235,262,,VAL,V,235,V,235,True,True,True,True,True,5.706,1.329,24.0,1.0,.,True,True,matched,1.0,0,14.0,235,0.0018264808071245353,0.4803644522737528,0.0076045627376425855,-1.3145186608956534
1BTL_A,1BTL,1,A,A,236,263,,ILE,I,236,I,236,True,True,True,True,True,8.772,3.624,23.293,1.0,.,True,True,matched,1.0,0,13.0,236,0.0017265194810074788,0.4540746235049669,0.0038022813688212928,-1.3810238695164585
1BTL_A,1BTL,1,A,A,237,264,,TYR,Y,237,Y,237,True,True,True,True,True,12.173,3.51,25.16,1.0,.,True,True,matched,1.0,0,13.0,237,0.0019196304704196397,0.5048628137203652,0.015209125475285171,-1.2525453154926092
1BTL_A,1BTL,1,A,A,238,265,,THR,T,238,T,238,True,True,True,True,True,15.675,5.166,24.577,1.0,.,True,True,matched,1.0,0,14.0,238,0.0023421122065520766,0.6159755103231962,0.09505703422053231,-0.971464250530893
1BTL_A,1BTL,1,A,A,239,266,,THR,T,239,T,239,True,True,True,True,True,19.015,5.222,26.546,1.0,.,True,True,matched,1.0,0,14.0,239,0.002806493437478214,0.7381077740567703,0.2813688212927757,-0.6625070583647586
1BTL_A,1BTL,1,A,A,240,267,,GLY,G,240,G,240,True,True,True,True,True,22.62,6.416,26.056,1.0,.,True,True,matched,1.0,0,10.0,240,0.003774339965372479,0.9926514108929619,0.6045627376425855,-0.018589678005525974
1BTL_A,1BTL,1,A,A,241,268,,SER,S,241,S,241,True,True,True,True,True,21.975,9.919,24.544,1.0,.,True,True,matched,1.0,0,11.0,241,0.004220400962358628,1.1099654531003191,0.7034220532319392,0.2781788905449699
1BTL_A,1BTL,1,A,A,242,269,,GLN,Q,242,Q,242,True,True,True,True,True,23.933,13.011,25.642,1.0,.,True,True,matched,1.0,0,8.0,242,0.005234729227173931,1.376733786746744,0.8212927756653993,0.9530210068102781
1BTL_A,1BTL,1,A,A,243,270,,ALA,A,243,A,243,True,True,True,True,True,21.021,15.307,24.569,1.0,.,True,True,matched,1.0,0,8.0,243,0.005438335727975703,1.4302822964576098,0.8669201520912547,1.0884823230849074
1BTL_A,1BTL,1,A,A,244,271,,THR,T,244,T,244,True,True,True,True,True,18.867,17.59,26.842,1.0,.,True,True,matched,1.0,0,7.0,244,0.005850458600505863,1.538670611933042,0.908745247148289,1.3626715388514945
1BTL_A,1BTL,1,A,A,245,272,,MET,M,245,M,245,True,True,True,True,True,15.474,16.577,28.325,1.0,.,True,True,matched,1.0,0,7.0,245,0.005355458068755972,1.4084854720828206,0.8479087452471483,1.0333430384183775
1BTL_A,1BTL,1,A,A,246,273,,ASP,D,246,D,246,True,True,True,True,True,13.669,18.979,25.928,1.0,.,True,True,matched,1.0,0,6.0,246,0.005583087413110289,1.468351989648006,0.8821292775665399,1.1847869780153115
1BTL_A,1BTL,1,A,A,247,274,,GLU,E,247,E,247,True,True,True,True,True,15.373,17.376,22.893,1.0,.,True,True,matched,1.0,0,9.0,247,0.005033720699530885,1.3238685439766227,0.8022813688212928,0.8192881464657947
1BTL_A,1BTL,1,A,A,248,275,,ARG,R,248,R,248,True,True,True,True,True,14.377,13.853,24.112,1.0,.,True,True,matched,1.0,0,11.0,248,0.003949746139739609,1.0387832347515173,0.6501901140684411,0.09810969637054934
1BTL_A,1BTL,1,A,A,249,276,,ASN,N,249,N,249,True,True,True,True,True,10.748,14.957,24.746,1.0,.,True,True,matched,1.0,0,10.0,249,0.003965425354255012,1.0429068681690683,0.6539923954372624,0.10854122497128196
1BTL_A,1BTL,1,A,A,250,277,,ARG,R,250,R,250,True,True,True,True,True,10.473,16.44,21.254,1.0,.,True,True,matched,1.0,0,10.0,250,0.004148082998392169,1.0909458285771405,0.6920152091254753,0.23006507025621994
1BTL_A,1BTL,1,A,A,251,278,,GLN,Q,251,Q,251,True,True,True,True,True,11.595,13.312,19.373,1.0,.,True,True,matched,1.0,0,9.0,251,0.003682123593247388,0.9683985050240631,0.5855513307984791,-0.07994209603218619
1BTL_A,1BTL,1,A,A,252,279,,ILE,I,252,I,252,True,True,True,True,True,9.021,11.137,21.26,1.0,.,True,True,matched,1.0,0,11.0,252,0.0030086290718037657,0.7912694458843904,0.38022813688212925,-0.5280243233640494
1BTL_A,1BTL,1,A,A,253,280,,ALA,A,253,A,253,True,True,True,True,True,6.252,13.673,20.434,1.0,.,True,True,matched,1.0,0,13.0,253,0.0032975505906718415,0.8672558053466943,0.5019011406844106,-0.33580212470233484
1BTL_A,1BTL,1,A,A,254,281,,GLU,E,254,E,254,True,True,True,True,True,7.202,13.577,16.681,1.0,.,True,True,matched,1.0,0,10.0,254,0.003569115167140254,0.9386772889578868,0.55893536121673,-0.15512766275188758
1BTL_A,1BTL,1,A,A,255,282,,ILE,I,255,I,255,True,True,True,True,True,7.088,9.714,16.631,1.0,.,True,True,matched,1.0,0,11.0,255,0.003304910845153475,0.8691915522753639,0.5057034220532319,-0.33090527830365823
1BTL_A,1BTL,1,A,A,256,283,,GLY,G,256,G,256,True,True,True,True,True,3.564,10.154,18.197,1.0,.,True,True,matched,1.0,0,11.0,256,0.003226782345557675,0.8486437568816685,0.4790874524714829,-0.3828849024911626
1BTL_A,1BTL,1,A,A,257,284,,ALA,A,257,A,257,True,True,True,True,True,2.541,12.579,15.383,1.0,.,True,True,matched,1.0,0,11.0,257,0.003941385468561832,1.0365843782317619,0.6463878326996197,0.092547263352835
1BTL_A,1BTL,1,A,A,258,285,,SER,S,258,S,258,True,True,True,True,True,3.545,10.063,12.634,0.9249999999999999,".,A",True,True,matched,0.9249999999999999,0,11.0,258,0.004143703177941989,1.089793935798743,0.688212927756654,0.22715113459654462
1BTL_A,1BTL,1,A,A,259,286,,LEU,L,259,L,259,True,True,True,True,True,1.692,7.222,14.334,1.0,.,True,True,matched,1.0,0,10.0,259,0.0039968959739552935,1.0511836411502422,0.6653992395437263,0.12947892367830316
1BTL_A,1BTL,1,A,A,260,287,,ILE,I,260,I,260,True,True,True,True,True,-1.508,9.304,14.504,1.0,.,True,True,matched,1.0,0,9.0,260,0.0045100058387013905,1.1861315355784656,0.7414448669201521,0.4708557333493945
1BTL_A,1BTL,1,A,A,261,288,,LYS,K,261,K,261,True,True,True,True,True,-1.204,10.683,10.894,1.0,.,True,True,matched,1.0,0,6.0,261,0.00529524022655397,1.392648179583694,0.8326996197718631,0.9932795427255614
1BTL_A,1BTL,1,A,A,262,289,,HIS,H,262,H,262,True,True,True,True,True,-0.99,7.108,9.524,1.0,.,True,True,matched,1.0,0,8.0,262,0.0054358236581083475,1.4296216220824953,0.8631178707224335,1.0868110194208997
1BTL_A,1BTL,1,A,A,263,290,,TRP,W,263,W,263,True,True,True,True,True,-3.544,5.42,11.889,1.0,.,True,True,matched,1.0,0,4.0,263,0.005334560964750501,1.4029895337293818,0.8403041825095057,1.0194399989586265
